{
  "hash": "f0bcef5b",
  "configHash": "27828dfc",
  "lockfileHash": "cd3fee4b",
  "browserHash": "8c602ce4",
  "optimized": {
    "@angular/common": {
      "src": "../../../../../../node_modules/@angular/common/fesm2022/common.mjs",
      "file": "@angular_common.js",
      "fileHash": "466c8685",
      "needsInterop": false
    },
    "@angular/common/http": {
      "src": "../../../../../../node_modules/@angular/common/fesm2022/http.mjs",
      "file": "@angular_common_http.js",
      "fileHash": "cf5b8d73",
      "needsInterop": false
    },
    "@angular/core": {
      "src": "../../../../../../node_modules/@angular/core/fesm2022/core.mjs",
      "file": "@angular_core.js",
      "fileHash": "95b31097",
      "needsInterop": false
    },
    "@angular/forms": {
      "src": "../../../../../../node_modules/@angular/forms/fesm2022/forms.mjs",
      "file": "@angular_forms.js",
      "fileHash": "80e0d37a",
      "needsInterop": false
    },
    "@angular/platform-browser": {
      "src": "../../../../../../node_modules/@angular/platform-browser/fesm2022/platform-browser.mjs",
      "file": "@angular_platform-browser.js",
      "fileHash": "905c319e",
      "needsInterop": false
    },
    "@angular/router": {
      "src": "../../../../../../node_modules/@angular/router/fesm2022/router.mjs",
      "file": "@angular_router.js",
      "fileHash": "9a18a08f",
      "needsInterop": false
    },
    "ngx-pagination": {
      "src": "../../../../../../node_modules/ngx-pagination/fesm2020/ngx-pagination.mjs",
      "file": "ngx-pagination.js",
      "fileHash": "23ad2724",
      "needsInterop": false
    },
    "rxjs": {
      "src": "../../../../../../node_modules/rxjs/dist/esm5/index.js",
      "file": "rxjs.js",
      "fileHash": "691588a7",
      "needsInterop": false
    },
    "zone.js": {
      "src": "../../../../../../node_modules/zone.js/fesm2015/zone.js",
      "file": "zone__js.js",
      "fileHash": "65b68ef4",
      "needsInterop": true
    }
  },
  "chunks": {
    "chunk-B46SSXC7": {
      "file": "chunk-B46SSXC7.js"
    },
    "chunk-TNFJQAT7": {
      "file": "chunk-TNFJQAT7.js"
    },
    "chunk-I5ZD4P4R": {
      "file": "chunk-I5ZD4P4R.js"
    },
    "chunk-EITAFI4I": {
      "file": "chunk-EITAFI4I.js"
    },
    "chunk-4XPZ3RN5": {
      "file": "chunk-4XPZ3RN5.js"
    },
    "chunk-RSS3ODKE": {
      "file": "chunk-RSS3ODKE.js"
    },
    "chunk-WDMUDEB6": {
      "file": "chunk-WDMUDEB6.js"
    }
  }
}