{
  "hash": "face2100",
  "configHash": "06977f76",
  "lockfileHash": "dbba0f4f",
  "browserHash": "22cc5fb2",
  "optimized": {
    "@angular/common": {
      "src": "../../../../../../node_modules/@angular/common/fesm2022/common.mjs",
      "file": "@angular_common.js",
      "fileHash": "1bbe1695",
      "needsInterop": false
    },
    "@angular/common/http": {
      "src": "../../../../../../node_modules/@angular/common/fesm2022/http.mjs",
      "file": "@angular_common_http.js",
      "fileHash": "fb1a704c",
      "needsInterop": false
    },
    "@angular/core": {
      "src": "../../../../../../node_modules/@angular/core/fesm2022/core.mjs",
      "file": "@angular_core.js",
      "fileHash": "e5b71442",
      "needsInterop": false
    },
    "@angular/forms": {
      "src": "../../../../../../node_modules/@angular/forms/fesm2022/forms.mjs",
      "file": "@angular_forms.js",
      "fileHash": "fb32dfce",
      "needsInterop": false
    },
    "@angular/platform-browser": {
      "src": "../../../../../../node_modules/@angular/platform-browser/fesm2022/platform-browser.mjs",
      "file": "@angular_platform-browser.js",
      "fileHash": "99faa999",
      "needsInterop": false
    },
    "@angular/router": {
      "src": "../../../../../../node_modules/@angular/router/fesm2022/router.mjs",
      "file": "@angular_router.js",
      "fileHash": "ce81cc81",
      "needsInterop": false
    },
    "ngx-pagination": {
      "src": "../../../../../../node_modules/ngx-pagination/fesm2020/ngx-pagination.mjs",
      "file": "ngx-pagination.js",
      "fileHash": "f3e82afd",
      "needsInterop": false
    },
    "rxjs": {
      "src": "../../../../../../node_modules/rxjs/dist/esm5/index.js",
      "file": "rxjs.js",
      "fileHash": "a1a7fbda",
      "needsInterop": false
    },
    "zone.js": {
      "src": "../../../../../../node_modules/zone.js/fesm2015/zone.js",
      "file": "zone__js.js",
      "fileHash": "5e6aa561",
      "needsInterop": true
    }
  },
  "chunks": {
    "chunk-B46SSXC7": {
      "file": "chunk-B46SSXC7.js"
    },
    "chunk-TNFJQAT7": {
      "file": "chunk-TNFJQAT7.js"
    },
    "chunk-I5ZD4P4R": {
      "file": "chunk-I5ZD4P4R.js"
    },
    "chunk-EITAFI4I": {
      "file": "chunk-EITAFI4I.js"
    },
    "chunk-4XPZ3RN5": {
      "file": "chunk-4XPZ3RN5.js"
    },
    "chunk-RSS3ODKE": {
      "file": "chunk-RSS3ODKE.js"
    },
    "chunk-WDMUDEB6": {
      "file": "chunk-WDMUDEB6.js"
    }
  }
}