{
  "hash": "8c507622",
  "configHash": "c00c8916",
  "lockfileHash": "dbba0f4f",
  "browserHash": "3e4d3357",
  "optimized": {
    "@angular/common": {
      "src": "../../../../../../node_modules/@angular/common/fesm2022/common.mjs",
      "file": "@angular_common.js",
      "fileHash": "e22e6e13",
      "needsInterop": false
    },
    "@angular/common/http": {
      "src": "../../../../../../node_modules/@angular/common/fesm2022/http.mjs",
      "file": "@angular_common_http.js",
      "fileHash": "b01f0a65",
      "needsInterop": false
    },
    "@angular/core": {
      "src": "../../../../../../node_modules/@angular/core/fesm2022/core.mjs",
      "file": "@angular_core.js",
      "fileHash": "7fbba7e5",
      "needsInterop": false
    },
    "@angular/forms": {
      "src": "../../../../../../node_modules/@angular/forms/fesm2022/forms.mjs",
      "file": "@angular_forms.js",
      "fileHash": "786e9a6e",
      "needsInterop": false
    },
    "@angular/platform-browser": {
      "src": "../../../../../../node_modules/@angular/platform-browser/fesm2022/platform-browser.mjs",
      "file": "@angular_platform-browser.js",
      "fileHash": "52436e97",
      "needsInterop": false
    },
    "@angular/router": {
      "src": "../../../../../../node_modules/@angular/router/fesm2022/router.mjs",
      "file": "@angular_router.js",
      "fileHash": "c40a5e93",
      "needsInterop": false
    },
    "ngx-pagination": {
      "src": "../../../../../../node_modules/ngx-pagination/fesm2020/ngx-pagination.mjs",
      "file": "ngx-pagination.js",
      "fileHash": "d26a00e0",
      "needsInterop": false
    },
    "rxjs": {
      "src": "../../../../../../node_modules/rxjs/dist/esm5/index.js",
      "file": "rxjs.js",
      "fileHash": "12322d8a",
      "needsInterop": false
    },
    "zone.js": {
      "src": "../../../../../../node_modules/zone.js/fesm2015/zone.js",
      "file": "zone__js.js",
      "fileHash": "2e23448f",
      "needsInterop": true
    }
  },
  "chunks": {
    "chunk-B46SSXC7": {
      "file": "chunk-B46SSXC7.js"
    },
    "chunk-TNFJQAT7": {
      "file": "chunk-TNFJQAT7.js"
    },
    "chunk-I5ZD4P4R": {
      "file": "chunk-I5ZD4P4R.js"
    },
    "chunk-EITAFI4I": {
      "file": "chunk-EITAFI4I.js"
    },
    "chunk-4XPZ3RN5": {
      "file": "chunk-4XPZ3RN5.js"
    },
    "chunk-RSS3ODKE": {
      "file": "chunk-RSS3ODKE.js"
    },
    "chunk-WDMUDEB6": {
      "file": "chunk-WDMUDEB6.js"
    }
  }
}